{
  "md": [
    {
      "City": "Scaggsville / Laurel",
      "Zip": "20723",
      "Station": "7-Eleven",
      "Address": "9651 Washington Blvd N, 20723",
      "Base": "2.79",
      "Net": "2.76",
      "Discount": "7-Eleven",
      "Lat": "39.1180551",
      "Long": "-76.8297577"
    },
    {
      "City": "Scaggsville / Laurel",
      "Zip": "20723",
      "Station": "Shell",
      "Address": "9280 All Saints Rd, 20723",
      "Base": "2.84",
      "Net": "2.79",
      "Discount": "Shell",
      "Lat": "39.1195226",
      "Long": "-76.8519516"
    },
    {
      "City": "Scaggsville / Laurel",
      "Zip": "20723",
      "Station": "Exxon",
      "Address": "9275 All Saints Rd, 20723",
      "Base": "2.84",
      "Net": "2.81",
      "Discount": "Exxon",
      "Lat": "39.1189484",
      "Long": "-76.8513125"
    },
    {
      "City": "Scaggsville / Laurel",
      "Zip": "20723",
      "Station": "Exxon",
      "Address": "8850 Gorman Rd, 20723",
      "Base": "2.99",
      "Net": "2.96",
      "Discount": "Exxon",
      "Lat": "39.1315805",
      "Long": "-76.8205188"
    },
    {
      "City": "Scaggsville / Laurel",
      "Zip": "20723",
      "Station": "Exxon",
      "Address": "7500 Montpelier Rd, 20723",
      "Base": "3.39",
      "Net": "3.36",
      "Discount": "Exxon",
      "Lat": "39.159558",
      "Long": "-76.893227"
    },
    {
      "City": "Columbia (Wilde Lake / Town Center)",
      "Zip": "21044",
      "Station": "BP",
      "Address": "5485 HARPERS FARM RD, 21044",
      "Base": "3.14",
      "Net": "3.09",
      "Discount": "BP",
      "Lat": "39.2220799",
      "Long": "-76.8907487"
    },
    {
      "City": "Columbia (Wilde Lake / Town Center)",
      "Zip": "21044",
      "Station": "Sunoco",
      "Address": "6440 Freetown Rd, 21044",
      "Base": "3.29",
      "Net": "3.26",
      "Discount": "Sunoco",
      "Lat": "39.1950229",
      "Long": "-76.8817831"
    },
    {
      "City": "Columbia (Wilde Lake / Town Center)",
      "Zip": "21044",
      "Station": "Exxon",
      "Address": "10611 Little Patuxent Pkwy, 21044",
      "Base": "3.39",
      "Net": "3.36",
      "Discount": "Exxon",
      "Lat": "39.213332",
      "Long": "-76.8709132"
    },
    {
      "City": "Columbia (Wilde Lake / Town Center)",
      "Zip": "21044",
      "Station": "Exxon",
      "Address": "10141 Little Patuxent Pkwy, 21044",
      "Base": "3.59",
      "Net": "3.56",
      "Discount": "Exxon",
      "Lat": "39.2181995",
      "Long": "-76.8577067"
    },
    {
      "City": "Columbia (East)",
      "Zip": "21045",
      "Station": "7-Eleven",
      "Address": "5901 Stevens Forest Rd, 21045",
      "Base": "2.69",
      "Net": "2.66",
      "Discount": "7-Eleven",
      "Lat": "39.210533",
      "Long": "-76.847772"
    },
    {
      "City": "Columbia (East)",
      "Zip": "21045",
      "Station": "Liberty",
      "Address": "6425 Dobbin Center Way, 21045",
      "Base": "2.59",
      "Net": "2.59",
      "Discount": "-",
      "Lat": "39.1968235",
      "Long": "-76.8216821"
    },
    {
      "City": "Columbia (East)",
      "Zip": "21045",
      "Station": "7-Eleven",
      "Address": "8251 Snowden River Pkwy, 21045",
      "Base": "2.78",
      "Net": "2.75",
      "Discount": "7-Eleven",
      "Lat": "39.2090716",
      "Long": "-76.8034905"
    },
    {
      "City": "Columbia (East)",
      "Zip": "21045",
      "Station": "Exxon",
      "Address": "7100 Minstrel Way, 21045",
      "Base": "2.79",
      "Net": "2.76",
      "Discount": "Exxon",
      "Lat": "39.177736",
      "Long": "-76.84448"
    },
    {
      "City": "Columbia (East)",
      "Zip": "21045",
      "Station": "Mobil",
      "Address": "6251 Columbia Crossing Cir, 21045",
      "Base": "2.89",
      "Net": "2.86",
      "Discount": "Mobil",
      "Lat": "39.1995215",
      "Long": "-76.8147128"
    },
    {
      "City": "Columbia (East)",
      "Zip": "21045",
      "Station": "Shell",
      "Address": "7248 Cradlerock Way, 21045",
      "Base": "2.85",
      "Net": "2.8",
      "Discount": "Shell",
      "Lat": "39.1862523",
      "Long": "-76.8457193"
    },
    {
      "City": "Columbia (East)",
      "Zip": "21045",
      "Station": "Exxon",
      "Address": "6004 Foreland Garth, 21045",
      "Base": "2.99",
      "Net": "2.96",
      "Discount": "Exxon",
      "Lat": "39.2049806",
      "Long": "-76.8164844"
    },
    {
      "City": "Columbia (Guilford)",
      "Zip": "21046",
      "Station": "Royal Farms",
      "Address": "7084 Minstrel Way, 21046",
      "Base": "2.79",
      "Net": "2.69",
      "Discount": "Royal Farms",
      "Lat": "39.1759477",
      "Long": "-76.8444624"
    },
    {
      "City": "Columbia (Guilford)",
      "Zip": "21046",
      "Station": "Shell",
      "Address": "9101 Snowden River Pkwy, 21046",
      "Base": "2.89",
      "Net": "2.84",
      "Discount": "Shell",
      "Lat": "39.1827983",
      "Long": "-76.8205935"
    },
    {
      "City": "Columbia (Guilford)",
      "Zip": "21046",
      "Station": "Exxon",
      "Address": "6300 Stevens Forest, 21046",
      "Base": "2.85",
      "Net": "2.82",
      "Discount": "Exxon",
      "Lat": "39.1973061",
      "Long": "-76.8530941"
    },
    {
      "City": "Ellicott City (Central)",
      "Zip": "21042",
      "Station": "Carroll Motor Fuels",
      "Address": "9109 BALTIMORE NATIONAL PIKE, 21042",
      "Base": "2.71",
      "Net": "2.71",
      "Discount": "-",
      "Lat": "39.2771741",
      "Long": "-76.8262007"
    },
    {
      "City": "Ellicott City (Central)",
      "Zip": "21042",
      "Station": "Sunoco",
      "Address": "9395 Baltimore National Pike, 21042",
      "Base": "2.79",
      "Net": "2.76",
      "Discount": "Sunoco",
      "Lat": "39.2772371",
      "Long": "-76.8350415"
    },
    {
      "City": "Ellicott City (Central)",
      "Zip": "21042",
      "Station": "Dash-In",
      "Address": "9075 Baltimore National Pike, 21042",
      "Base": "2.84",
      "Net": "2.84",
      "Discount": "-",
      "Lat": "39.2762251",
      "Long": "-76.8250029"
    },
    {
      "City": "Ellicott City (Central)",
      "Zip": "21042",
      "Station": "Sunoco",
      "Address": "10214 Baltimore National Pike, 21042",
      "Base": "2.83",
      "Net": "2.8",
      "Discount": "Sunoco",
      "Lat": "39.2803307",
      "Long": "-76.8652201"
    },
    {
      "City": "Ellicott City (Central)",
      "Zip": "21042",
      "Station": "Mobil",
      "Address": "9320 Baltimore National Pike, 21042",
      "Base": "2.86",
      "Net": "2.83",
      "Discount": "Mobil",
      "Lat": "39.2779163",
      "Long": "-76.8325436"
    },
    {
      "City": "Ellicott City (Central)",
      "Zip": "21042",
      "Station": "Exxon",
      "Address": "10193 Baltimore National Pike, 21042",
      "Base": "2.87",
      "Net": "2.84",
      "Discount": "Exxon",
      "Lat": "39.2793591",
      "Long": "-76.8636316"
    },
    {
      "City": "Ellicott City (Central)",
      "Zip": "21042",
      "Station": "Shell",
      "Address": "4755 Dorsey Hall Dr, 21042",
      "Base": "3.09",
      "Net": "3.04",
      "Discount": "Shell",
      "Lat": "39.2423537",
      "Long": "-76.8403131"
    },
    {
      "City": "Ellicott City (North)",
      "Zip": "21043",
      "Station": "BP",
      "Address": "8505 Baltimore National Pike, 21043",
      "Base": "2.73",
      "Net": "2.68",
      "Discount": "BP",
      "Lat": "39.2842309",
      "Long": "-76.8075056"
    },
    {
      "City": "Ellicott City (North)",
      "Zip": "21043",
      "Station": "Sunoco",
      "Address": "8411 Baltimore National Pike, 21043",
      "Base": "2.75",
      "Net": "2.72",
      "Discount": "Sunoco",
      "Lat": "39.2865722",
      "Long": "-76.8033853"
    },
    {
      "City": "Ellicott City (North)",
      "Zip": "21043",
      "Station": "High's",
      "Address": "3095 Rogers Ave, 21043",
      "Base": "2.79",
      "Net": "2.74",
      "Discount": "High's",
      "Lat": "39.2874075",
      "Long": "-76.8091156"
    },
    {
      "City": "Ellicott City (North)",
      "Zip": "21043",
      "Station": "Carroll Motor Fuels",
      "Address": "8720 Baltimore National Pike, 21043",
      "Base": "2.79",
      "Net": "2.79",
      "Discount": "-",
      "Lat": "39.2808054",
      "Long": "-76.8147058"
    },
    {
      "City": "Ellicott City (North)",
      "Zip": "21043",
      "Station": "Carroll Motor Fuels",
      "Address": "4132 Old Columbia Pike, 21043",
      "Base": "2.81",
      "Net": "2.81",
      "Discount": "-",
      "Lat": "39.2565046",
      "Long": "-76.8197592"
    },
    {
      "City": "Ellicott City (North)",
      "Zip": "21043",
      "Station": "Exxon",
      "Address": "4235 Montgomery Rd, 21043",
      "Base": "2.81",
      "Net": "2.78",
      "Discount": "Exxon",
      "Lat": "39.2554156",
      "Long": "-76.8184372"
    },
    {
      "City": "Ellicott City (North)",
      "Zip": "21043",
      "Station": "Exxon",
      "Address": "8850 Centre Park Dr, 21043",
      "Base": "2.89",
      "Net": "2.86",
      "Discount": "Exxon",
      "Lat": "39.2279074",
      "Long": "-76.8127674"
    },
    {
      "City": "Ellicott City (North)",
      "Zip": "21043",
      "Station": "Dash In",
      "Address": "4205 Montgomery Rd, 21043",
      "Base": "2.89",
      "Net": "2.89",
      "Discount": "-",
      "Lat": "39.2561283",
      "Long": "-76.8190081"
    },
    {
      "City": "Ellicott City (North)",
      "Zip": "21043",
      "Station": "Mobil",
      "Address": "4398 Montgomery Rd, 21043",
      "Base": "2.87",
      "Net": "2.84",
      "Discount": "Mobil",
      "Lat": "39.2520755",
      "Long": "-76.8165282"
    },
    {
      "City": "Severn",
      "Zip": "21144",
      "Station": "7-Eleven",
      "Address": "500 Donaldson Ave, 21144",
      "Base": "2.78",
      "Net": "2.75",
      "Discount": "7-Eleven",
      "Lat": "39.136636",
      "Long": "-76.659232"
    },
    {
      "City": "Severn",
      "Zip": "21144",
      "Station": "Sunoco",
      "Address": "8272 Quarterfield Rd, 21144",
      "Base": "2.79",
      "Net": "2.76",
      "Discount": "Sunoco",
      "Lat": "39.1165734",
      "Long": "-76.681597"
    },
    {
      "City": "Severn",
      "Zip": "21144",
      "Station": "Exxon",
      "Address": "805 Reece Rd, 21144",
      "Base": "2.89",
      "Net": "2.86",
      "Discount": "Exxon",
      "Lat": "39.1361231",
      "Long": "-76.6867451"
    },
    {
      "City": "Severn",
      "Zip": "21144",
      "Station": "Royal Farms",
      "Address": "7843 Telegraph Rd, 21144",
      "Base": "2.79",
      "Net": "2.69",
      "Discount": "Royal Farms",
      "Lat": "39.1373727",
      "Long": "-76.684828"
    },
    {
      "City": "Hanover (Arundel Mills)",
      "Zip": "21076",
      "Station": "7-Eleven",
      "Address": "1075 Dorsey Rd, 21076",
      "Base": "2.79",
      "Net": "2.76",
      "Discount": "7-Eleven",
      "Lat": "39.1599143",
      "Long": "-76.6836798"
    },
    {
      "City": "Hanover (Arundel Mills)",
      "Zip": "21076",
      "Station": "Shell",
      "Address": "2631 Old Annapolis Rd, 21076",
      "Base": "2.79",
      "Net": "2.74",
      "Discount": "Shell",
      "Lat": "39.2041164",
      "Long": "-76.6417554"
    },
    {
      "City": "Hanover (Arundel Mills)",
      "Zip": "21076",
      "Station": "Wawa",
      "Address": "7710 Milestone Pkwy, 21076",
      "Base": "2.83",
      "Net": "2.83",
      "Discount": "Wawa",
      "Lat": "39.154105",
      "Long": "-76.744585"
    },
    {
      "City": "Hanover (Arundel Mills)",
      "Zip": "21076",
      "Station": "Exxon",
      "Address": "7043 Arundel Mills Cir, 21076",
      "Base": "2.99",
      "Net": "2.96",
      "Discount": "Exxon",
      "Lat": "39.1539236",
      "Long": "-76.7222726"
    },
    {
      "City": "Hanover (Arundel Mills)",
      "Zip": "21076",
      "Station": "CITGO",
      "Address": "1401 Dorsey Rd, 21076",
      "Base": "2.99",
      "Net": "2.99",
      "Discount": "-",
      "Lat": "39.160101",
      "Long": "-76.715098"
    },
    {
      "City": "Jessup",
      "Zip": "20794",
      "Station": "Sunoco",
      "Address": "2739 Annapolis Rd, 20794",
      "Base": "2.69",
      "Net": "2.66",
      "Discount": "Sunoco",
      "Lat": "39.1365014",
      "Long": "-76.7506844"
    },
    {
      "City": "Jessup",
      "Zip": "20794",
      "Station": "Shell",
      "Address": "2753 Annapolis Rd, 20794",
      "Base": "2.79",
      "Net": "2.74",
      "Discount": "Shell",
      "Lat": "39.1377885",
      "Long": "-76.7521393"
    },
    {
      "City": "Jessup",
      "Zip": "20794",
      "Station": "Shell",
      "Address": "8755 Washington Blvd, 20794",
      "Base": "2.79",
      "Net": "2.74",
      "Discount": "Shell",
      "Lat": "39.1447238",
      "Long": "-76.8087484"
    },
    {
      "City": "Jessup",
      "Zip": "20794",
      "Station": "BP",
      "Address": "8810 Washington Blvd, 20794",
      "Base": "2.79",
      "Net": "2.74",
      "Discount": "BP",
      "Lat": "39.1445028",
      "Long": "-76.8091941"
    },
    {
      "City": "Jessup",
      "Zip": "20794",
      "Station": "High's Dairy Store",
      "Address": "2861 Jessup Rd, 20794",
      "Base": "2.77",
      "Net": "2.72",
      "Discount": "High's",
      "Lat": "39.142357",
      "Long": "-76.7631093"
    },
    {
      "City": "Jessup",
      "Zip": "20794",
      "Station": "BP",
      "Address": "7879 Pocomoke Dr, 20794",
      "Base": "2.89",
      "Net": "2.84",
      "Discount": "BP",
      "Lat": "39.1682121",
      "Long": "-76.7831573"
    },
    {
      "City": "Jessup",
      "Zip": "20794",
      "Station": "Exxon",
      "Address": "7930 Washington Blvd, 20794",
      "Base": "2.93",
      "Net": "2.9",
      "Discount": "Exxon",
      "Lat": "39.1711851",
      "Long": "-76.7868219"
    },
    {
      "City": "Fulton",
      "Zip": "20759",
      "Station": "High's",
      "Address": "11840 Lime Kiln Rd, 20759",
      "Base": "2.99",
      "Net": "2.94",
      "Discount": "High's",
      "Lat": "39.1513419",
      "Long": "-76.9241758"
    },
    {
      "City": "Fulton",
      "Zip": "20759",
      "Station": "BP",
      "Address": "8181 Maple Lawn Blvd, 20759",
      "Base": "3.39",
      "Net": "3.34",
      "Discount": "BP",
      "Lat": "39.1471556",
      "Long": "-76.9052212"
    },
    {
      "City": "Burtonsville",
      "Zip": "20866",
      "Station": "Freestate",
      "Address": "15411 Old Columbia Pike, 20866",
      "Base": "2.47",
      "Net": "2.47",
      "Discount": "-",
      "Lat": "39.1083747",
      "Long": "-76.9358213"
    },
    {
      "City": "Clarksville",
      "Zip": "21029",
      "Station": "Sunoco",
      "Address": "5015 Signal Bell Ln, 21029",
      "Base": "2.99",
      "Net": "2.96",
      "Discount": "Sunoco",
      "Lat": "39.2097731",
      "Long": "-76.9388595"
    },
    {
      "City": "Clarksville",
      "Zip": "21029",
      "Station": "Exxon",
      "Address": "12405 Clarksville Pike, 21029",
      "Base": "3.25",
      "Net": "3.22",
      "Discount": "Exxon",
      "Lat": "39.2065148",
      "Long": "-76.9427277"
    },
    {
      "City": "Elkridge",
      "Zip": "21075",
      "Station": "Exxon",
      "Address": "7311 Washington Blvd, 21075",
      "Base": "2.79",
      "Net": "2.76",
      "Discount": "Exxon",
      "Lat": "39.1832133",
      "Long": "-76.7640327"
    },
    {
      "City": "Elkridge",
      "Zip": "21075",
      "Station": "Shell",
      "Address": "6295 Washington Blvd, 21075",
      "Base": "2.79",
      "Net": "2.74",
      "Discount": "Shell",
      "Lat": "39.2073558",
      "Long": "-76.7270995"
    },
    {
      "City": "Elkridge",
      "Zip": "21075",
      "Station": "XtraFuels",
      "Address": "7300 Washington Blvd, 21075",
      "Base": "2.75",
      "Net": "2.75",
      "Discount": "-",
      "Lat": "39.1840122",
      "Long": "-76.7645677"
    },
    {
      "City": "Elkridge",
      "Zip": "21075",
      "Station": "Shell",
      "Address": "7894 Washington Blvd, 21075",
      "Base": "2.79",
      "Net": "2.74",
      "Discount": "Shell",
      "Lat": "39.1725006",
      "Long": "-76.7844243"
    },
    {
      "City": "Elkridge",
      "Zip": "21075",
      "Station": "BP",
      "Address": "5816 WASHINGTON BLVD, 21075",
      "Base": "3.03",
      "Net": "2.98",
      "Discount": "BP",
      "Lat": "39.2160163",
      "Long": "-76.7108429"
    },
    {
      "City": "Elkridge",
      "Zip": "21075",
      "Station": "Exxon",
      "Address": "6310 Washington Blvd, 21075",
      "Base": "2.89",
      "Net": "2.86",
      "Discount": "Exxon",
      "Lat": "39.2071708",
      "Long": "-76.7278267"
    },
    {
      "City": "Elkridge",
      "Zip": "21075",
      "Station": "Royal Farms",
      "Address": "8268 Lark Brown Rd, 21075",
      "Base": "2.89",
      "Net": "2.79",
      "Discount": "Royal Farms",
      "Lat": "39.1890762",
      "Long": "-76.7957888"
    },
    {
      "City": "Elkridge",
      "Zip": "21075",
      "Station": "Exxon",
      "Address": "6070 Marshalee Dr, 21075",
      "Base": "3.23",
      "Net": "3.2",
      "Discount": "Exxon",
      "Lat": "39.2084335",
      "Long": "-76.7778553"
    },
    {
      "City": "Odenton",
      "Zip": "21113",
      "Station": "Royal Farms",
      "Address": "1558 Annapolis Rd, 21113",
      "Base": "2.79",
      "Net": "2.69",
      "Discount": "Royal Farms",
      "Lat": "39.100476",
      "Long": "-76.720547"
    },
    {
      "City": "Odenton",
      "Zip": "21113",
      "Station": "Sunoco",
      "Address": "1433 Annapolis Rd, 21113",
      "Base": "2.79",
      "Net": "2.76",
      "Discount": "Sunoco",
      "Lat": "39.0909128",
      "Long": "-76.7130138"
    },
    {
      "City": "Odenton",
      "Zip": "21113",
      "Station": "High's Dairy Store",
      "Address": "1624 Annapolis Rd, 21113",
      "Base": "2.79",
      "Net": "2.74",
      "Discount": "High's",
      "Lat": "39.1057505",
      "Long": "-76.7217641"
    },
    {
      "City": "Odenton",
      "Zip": "21113",
      "Station": "Shell",
      "Address": "1144 MD-175, 21113",
      "Base": "2.85",
      "Net": "2.8",
      "Discount": "Shell",
      "Lat": "39.082546",
      "Long": "-76.690855"
    },
    {
      "City": "Odenton",
      "Zip": "21113",
      "Station": "Exxon",
      "Address": "1318 Annapolis Rd, 21113",
      "Base": "2.85",
      "Net": "2.82",
      "Discount": "Exxon",
      "Lat": "39.0885514",
      "Long": "-76.7006064"
    },
    {
      "City": "Odenton",
      "Zip": "21113",
      "Station": "BP",
      "Address": "8749 PINEY ORCHARD PKWY, 21113",
      "Base": "2.99",
      "Net": "2.94",
      "Discount": "BP",
      "Lat": "39.0691814",
      "Long": "-76.7144977"
    },
    {
      "City": "Annapolis Junction",
      "Zip": "20701",
      "Station": "7-Eleven",
      "Address": "10930 Guilford Rd, 20701",
      "Base": "2.79",
      "Net": "2.76",
      "Discount": "7-Eleven",
      "Lat": "39.1292256",
      "Long": "-76.7935882"
    },
    {
      "City": "Spencerville",
      "Zip": "20868",
      "Station": "Mobil",
      "Address": "16201 New Hampshire Ave, 20868",
      "Base": "3.09",
      "Net": "3.06",
      "Discount": "Mobil",
      "Lat": "39.1217595",
      "Long": "-76.989073"
    }
  ],
  "ny": [
    {
      "City": "Riverhead",
      "Zip": "11901",
      "Station": "Mobil",
      "Address": "1575 Old Country Rd, 11901",
      "Base": "2.49",
      "Net": "2.46",
      "Discount": "Mobil",
      "Lat": "40.9252206",
      "Long": "-72.6951725"
    },
    {
      "City": "Riverhead",
      "Zip": "11901",
      "Station": "Sunoco",
      "Address": "1879 Old Country Rd 58, 11901",
      "Base": "2.59",
      "Net": "2.56",
      "Discount": "Sunoco",
      "Lat": "",
      "Long": ""
    },
    {
      "City": "Riverhead",
      "Zip": "11901",
      "Station": "Speedway",
      "Address": "870 Old Country Rd, 11901",
      "Base": "2.67",
      "Net": "2.62",
      "Discount": "Speedway",
      "Lat": "40.9346058",
      "Long": "-72.6699464"
    },
    {
      "City": "Riverhead",
      "Zip": "11901",
      "Station": "Empire",
      "Address": "640 Main Rd, 11901",
      "Base": "2.89",
      "Net": "2.89",
      "Discount": "-",
      "Lat": "40.9379155",
      "Long": "-72.6465653"
    },
    {
      "City": "Riverhead",
      "Zip": "11901",
      "Station": "CITGO",
      "Address": "1429 Main Rd, 11901",
      "Base": "2.95",
      "Net": "2.95",
      "Discount": "-",
      "Lat": "40.9379155",
      "Long": "-72.6465653"
    },
    {
      "City": "Riverhead",
      "Zip": "11901",
      "Station": "Empire",
      "Address": "640 Old Country Rd, 11901",
      "Base": "2.99",
      "Net": "2.99",
      "Discount": "-",
      "Lat": "40.935281",
      "Long": "-72.6648692"
    },
    {
      "City": "Westhampton Beach",
      "Zip": "11978",
      "Station": "7-Eleven",
      "Address": "107 Old Riverhead Rd, 11978",
      "Base": "2.96",
      "Net": "2.93",
      "Discount": "7-Eleven",
      "Lat": "40.8300726",
      "Long": "-72.6474301"
    },
    {
      "City": "Quogue",
      "Zip": "11959",
      "Station": "Speedway",
      "Address": "38 Montauk Hwy, 11959",
      "Base": "2.96",
      "Net": "2.91",
      "Discount": "Speedway",
      "Lat": "40.88464",
      "Long": "-72.4264717"
    },
    {
      "City": "Hampton Bays",
      "Zip": "11946",
      "Station": "Mobil",
      "Address": "239 W Montauk Hwy, 11946",
      "Base": "2.73",
      "Net": "2.7",
      "Discount": "Mobil",
      "Lat": "40.8659062",
      "Long": "-72.5490604"
    },
    {
      "City": "Hampton Bays",
      "Zip": "11946",
      "Station": "Shell",
      "Address": "250 E Montauk Hwy, 11946",
      "Base": "2.99",
      "Net": "2.94",
      "Discount": "Shell",
      "Lat": "40.8834616",
      "Long": "-72.5046248"
    },
    {
      "City": "Southampton",
      "Zip": "11968",
      "Station": "Speedway",
      "Address": "816 CR-39, 11968",
      "Base": "2.89",
      "Net": "2.84",
      "Discount": "Speedway",
      "Lat": "40.8926889",
      "Long": "-72.4251772"
    },
    {
      "City": "Water Mill",
      "Zip": "11976",
      "Station": "Speedway",
      "Address": "1138 Montauk Hwy, 11976",
      "Base": "3.09",
      "Net": "3.04",
      "Discount": "Speedway",
      "Lat": "40.9192162",
      "Long": "-72.3436923"
    },
    {
      "City": "Wainscott",
      "Zip": "11975",
      "Station": "Speedway",
      "Address": "1 Day Ago, 11975",
      "Base": "3.29",
      "Net": "3.24",
      "Discount": "Speedway",
      "Lat": "",
      "Long": ""
    }
  ],
  "ma": [
    {
      "City": "Springfield (East)",
      "Zip": "01104",
      "Station": "BJ’s Wholesale Club",
      "Address": "1655 Boston Rd, 01104",
      "Base": "2.47",
      "Net": "2.47",
      "Discount": "-",
      "Lat": "42.1245925",
      "Long": "-72.5382595"
    },
    {
      "City": "Springfield (East)",
      "Zip": "01104",
      "Station": "Stop & Shop",
      "Address": "1277 Liberty St, 01104",
      "Base": "2.57",
      "Net": "2.47",
      "Discount": "Stop & Shop",
      "Lat": "42.1373538",
      "Long": "-72.5820966"
    },
    {
      "City": "Springfield (East)",
      "Zip": "01104",
      "Station": "BD Mart",
      "Address": "20 East St, 01104",
      "Base": "2.55",
      "Net": "2.55",
      "Discount": "-",
      "Lat": "42.1481272",
      "Long": "-72.5629038"
    },
    {
      "City": "Springfield (East)",
      "Zip": "01104",
      "Station": "Racing Mart",
      "Address": "1037 St James Ave, 01104",
      "Base": "2.59",
      "Net": "2.59",
      "Discount": "-",
      "Lat": "42.1371817",
      "Long": "-72.5693712"
    },
    {
      "City": "Springfield (East)",
      "Zip": "01104",
      "Station": "Cumberland Farms",
      "Address": "798 Carew St, 01104",
      "Base": "2.65",
      "Net": "2.55",
      "Discount": "Cumberland",
      "Lat": "42.1258915",
      "Long": "-72.5841307"
    },
    {
      "City": "Springfield (East)",
      "Zip": "01104",
      "Station": "Speedway",
      "Address": "80 St James Blvd, 01104",
      "Base": "2.59",
      "Net": "2.54",
      "Discount": "Speedway",
      "Lat": "42.1356575",
      "Long": "-72.5683105"
    },
    {
      "City": "Springfield (East)",
      "Zip": "01104",
      "Station": "Pride",
      "Address": "77 West St, 01104",
      "Base": "2.74",
      "Net": "2.64",
      "Discount": "Pride",
      "Lat": "42.1435596",
      "Long": "-72.6112724"
    },
    {
      "City": "Springfield (East)",
      "Zip": "01104",
      "Station": "Pride",
      "Address": "549 Page Blvd, 01104",
      "Base": "2.69",
      "Net": "2.59",
      "Discount": "Pride",
      "Lat": "42.1395392",
      "Long": "-72.5601149"
    },
    {
      "City": "Springfield (East)",
      "Zip": "01104",
      "Station": "CITGO",
      "Address": "1271 Page Blvd, 01104",
      "Base": "2.79",
      "Net": "2.79",
      "Discount": "-",
      "Lat": "42.1498946",
      "Long": "-72.5374867"
    },
    {
      "City": "West Springfield",
      "Zip": "01089",
      "Station": "Sunny's Convenience Store",
      "Address": "2284 Westfield St, 01089",
      "Base": "2.55",
      "Net": "2.55",
      "Discount": "-",
      "Lat": "42.1044563",
      "Long": "-72.6774836"
    },
    {
      "City": "West Springfield",
      "Zip": "01089",
      "Station": "Mobil",
      "Address": "562 Westfield Rd, 01089",
      "Base": "2.58",
      "Net": "2.55",
      "Discount": "Mobil",
      "Lat": "42.1861117",
      "Long": "-72.6524085"
    },
    {
      "City": "West Springfield",
      "Zip": "01089",
      "Station": "Shell",
      "Address": "173 Elm St, 01089",
      "Base": "2.59",
      "Net": "2.54",
      "Discount": "Shell",
      "Lat": "42.1071429",
      "Long": "-72.6236243"
    },
    {
      "City": "West Springfield",
      "Zip": "01089",
      "Station": "Speedway",
      "Address": "341 Memorial Ave, 01089",
      "Base": "2.65",
      "Net": "2.6",
      "Discount": "Speedway",
      "Lat": "42.0958494",
      "Long": "-72.6025407"
    },
    {
      "City": "West Springfield",
      "Zip": "01089",
      "Station": "Cumberland Farms",
      "Address": "143 Park Ave, 01089",
      "Base": "2.74",
      "Net": "2.64",
      "Discount": "Cumberland",
      "Lat": "42.1047799",
      "Long": "-72.6193478"
    },
    {
      "City": "West Springfield",
      "Zip": "01089",
      "Station": "Pride",
      "Address": "757 Riverdale St, 01089",
      "Base": "2.74",
      "Net": "2.64",
      "Discount": "Pride",
      "Lat": "42.1246626",
      "Long": "-72.625502"
    },
    {
      "City": "West Springfield",
      "Zip": "01089",
      "Station": "Nouria",
      "Address": "518 Memorial Ave, 01089",
      "Base": "2.74",
      "Net": "2.74",
      "Discount": "-",
      "Lat": "42.0960296",
      "Long": "-72.606093"
    },
    {
      "City": "West Springfield",
      "Zip": "01089",
      "Station": "Cumberland Farms",
      "Address": "22 Park St, 01089",
      "Base": "2.74",
      "Net": "2.64",
      "Discount": "Cumberland",
      "Lat": "42.1080906",
      "Long": "-72.6171258"
    },
    {
      "City": "West Springfield",
      "Zip": "01089",
      "Station": "CITGO",
      "Address": "884 Westfield St, 01089",
      "Base": "2.79",
      "Net": "2.79",
      "Discount": "-",
      "Lat": "42.1041073",
      "Long": "-72.6386615"
    },
    {
      "City": "West Springfield",
      "Zip": "01089",
      "Station": "Shell",
      "Address": "2044 Riverdale St, 01089",
      "Base": "2.85",
      "Net": "2.8",
      "Discount": "Shell",
      "Lat": "42.1577219",
      "Long": "-72.6327404"
    },
    {
      "City": "West Springfield",
      "Zip": "01089",
      "Station": "Sunoco",
      "Address": "735 Westfield St, 01089",
      "Base": "2.94",
      "Net": "2.91",
      "Discount": "Sunoco",
      "Lat": "42.1033308",
      "Long": "-72.6357365"
    },
    {
      "City": "Westfield",
      "Zip": "01085",
      "Station": "Irving",
      "Address": "1400 Russel Rd, 01085",
      "Base": "2.79",
      "Net": "2.79",
      "Discount": "-",
      "Lat": "",
      "Long": ""
    },
    {
      "City": "Westfield",
      "Zip": "01085",
      "Station": "Mobil",
      "Address": "181 Elm St, 01085",
      "Base": "2.66",
      "Net": "2.63",
      "Discount": "Mobil",
      "Lat": "42.1244206",
      "Long": "-72.7476514"
    },
    {
      "City": "Westfield",
      "Zip": "01085",
      "Station": "Pride",
      "Address": "234 E Main St, 01085",
      "Base": "2.79",
      "Net": "2.69",
      "Discount": "Pride",
      "Lat": "42.1150935",
      "Long": "-72.7284631"
    },
    {
      "City": "Westfield",
      "Zip": "01085",
      "Station": "Shell",
      "Address": "259 N Elm St, 01085",
      "Base": "2.67",
      "Net": "2.62",
      "Discount": "Shell",
      "Lat": "42.1359276",
      "Long": "-72.7389062"
    },
    {
      "City": "Westfield",
      "Zip": "01085",
      "Station": "Sunoco",
      "Address": "88 S Maple St, 01085",
      "Base": "2.79",
      "Net": "2.76",
      "Discount": "Sunoco",
      "Lat": "42.3406195",
      "Long": "-72.5498497"
    },
    {
      "City": "Chicopee",
      "Zip": "01020",
      "Station": "Gulf",
      "Address": "646 Grattan Street, 01020",
      "Base": "2.51",
      "Net": "2.51",
      "Discount": "-",
      "Lat": "42.1730203",
      "Long": "-72.5984727"
    },
    {
      "City": "Chicopee",
      "Zip": "01020",
      "Station": "Sunoco",
      "Address": "2041 Memorial Dr, 01020",
      "Base": "2.49",
      "Net": "2.46",
      "Discount": "Sunoco",
      "Lat": "42.2131424",
      "Long": "-72.5723361"
    },
    {
      "City": "Chicopee",
      "Zip": "01020",
      "Station": "Stop & Shop",
      "Address": "672 Memorial Dr, 01020",
      "Base": "2.55",
      "Net": "2.45",
      "Discount": "Stop & Shop",
      "Lat": "42.1759775",
      "Long": "-72.5763068"
    },
    {
      "City": "Chicopee",
      "Zip": "01020",
      "Station": "Cumberland Farms",
      "Address": "37 Montcalm St, 01020",
      "Base": "2.59",
      "Net": "2.49",
      "Discount": "Cumberland",
      "Lat": "42.2021333",
      "Long": "-72.5807318"
    },
    {
      "City": "Chicopee",
      "Zip": "01020",
      "Station": "Pride",
      "Address": "27 Montgomery St, 01020",
      "Base": "2.69",
      "Net": "2.59",
      "Discount": "Pride",
      "Lat": "42.1612887",
      "Long": "-72.5824657"
    },
    {
      "City": "Chicopee",
      "Zip": "01020",
      "Station": "CITGO",
      "Address": "451 Grattan St, 01020",
      "Base": "2.67",
      "Net": "2.67",
      "Discount": "-",
      "Lat": "42.1684674",
      "Long": "-72.5940776"
    },
    {
      "City": "Chicopee",
      "Zip": "01020",
      "Station": "Sunoco",
      "Address": "560 East St, 01020",
      "Base": "2.69",
      "Net": "2.66",
      "Discount": "Sunoco",
      "Lat": "42.1480861",
      "Long": "-72.5642343"
    },
    {
      "City": "Chicopee",
      "Zip": "01020",
      "Station": "Big Y Express",
      "Address": "1177 Granby Rd, 01020",
      "Base": "2.77",
      "Net": "2.72",
      "Discount": "Big Y",
      "Lat": "42.1739323",
      "Long": "-72.5872689"
    },
    {
      "City": "Chicopee",
      "Zip": "01020",
      "Station": "Sunoco",
      "Address": "500 Montgomery St, 01020",
      "Base": "2.89",
      "Net": "2.86",
      "Discount": "Sunoco",
      "Lat": "42.1743862",
      "Long": "-72.5869497"
    },
    {
      "City": "Chicopee",
      "Zip": "01020",
      "Station": "Pride",
      "Address": "363 Burnett Rd, 01020",
      "Base": "2.94",
      "Net": "2.84",
      "Discount": "Pride",
      "Lat": "42.1661787",
      "Long": "-72.5451161"
    },
    {
      "City": "Chicopee",
      "Zip": "01020",
      "Station": "Shell",
      "Address": "197 Grove St, 01020",
      "Base": "3.09",
      "Net": "3.04",
      "Discount": "Shell",
      "Lat": "42.1536921",
      "Long": "-72.5840072"
    },
    {
      "City": "Holyoke",
      "Zip": "01040",
      "Station": "Racing Mart",
      "Address": "330 Main St, 01040",
      "Base": "2.49",
      "Net": "2.49",
      "Discount": "-",
      "Lat": "42.2000394",
      "Long": "-72.6061084"
    },
    {
      "City": "Holyoke",
      "Zip": "01040",
      "Station": "Stop and Shop",
      "Address": "2265 Northampton, 01040",
      "Base": "2.57",
      "Net": "2.57",
      "Discount": "-",
      "Lat": "42.1816881",
      "Long": "-72.6330639"
    },
    {
      "City": "Holyoke",
      "Zip": "01040",
      "Station": "Stop & Shop",
      "Address": "2265 Northampton St, 01040",
      "Base": "2.57",
      "Net": "2.47",
      "Discount": "Stop & Shop",
      "Lat": "42.1816881",
      "Long": "-72.6330639"
    },
    {
      "City": "Holyoke",
      "Zip": "01040",
      "Station": "Stop & Shop",
      "Address": "28 Lincoln St, 01040",
      "Base": "2.59",
      "Net": "2.49",
      "Discount": "Stop & Shop",
      "Lat": "42.2142774",
      "Long": "-72.6181875"
    },
    {
      "City": "Holyoke",
      "Zip": "01040",
      "Station": "Gulf",
      "Address": "820 High St, 01040",
      "Base": "2.59",
      "Net": "2.59",
      "Discount": "-",
      "Lat": "42.19763",
      "Long": "-72.6164858"
    },
    {
      "City": "Holyoke",
      "Zip": "01040",
      "Station": "City Gas",
      "Address": "3 Brown Ave, 01040",
      "Base": "2.67",
      "Net": "2.67",
      "Discount": "-",
      "Lat": "42.1945515",
      "Long": "-72.6233582"
    },
    {
      "City": "Holyoke",
      "Zip": "01040",
      "Station": "Pride",
      "Address": "1553 Dwight St, 01040",
      "Base": "2.79",
      "Net": "2.69",
      "Discount": "Pride",
      "Lat": "42.21103",
      "Long": "-72.6281361"
    },
    {
      "City": "South Hadley",
      "Zip": "01075",
      "Station": "White Wing",
      "Address": "568 Newton St, 01075",
      "Base": "2.51",
      "Net": "2.51",
      "Discount": "-",
      "Lat": "42.2396215",
      "Long": "-72.5815538"
    },
    {
      "City": "South Hadley",
      "Zip": "01075",
      "Station": "Cumberland Farms",
      "Address": "507 Newton St, 01075",
      "Base": "2.57",
      "Net": "2.47",
      "Discount": "Cumberland",
      "Lat": "42.2374802",
      "Long": "-72.5816164"
    },
    {
      "City": "Easthampton",
      "Zip": "01027",
      "Station": "7-Eleven",
      "Address": "97 Union St, 01027",
      "Base": "3.03",
      "Net": "3.0",
      "Discount": "7-Eleven",
      "Lat": "42.2669407",
      "Long": "-72.6696351"
    },
    {
      "City": "Easthampton",
      "Zip": "01027",
      "Station": "Pride",
      "Address": "60 Union St, 01027",
      "Base": "3.03",
      "Net": "2.93",
      "Discount": "Pride",
      "Lat": "42.2681716",
      "Long": "-72.6714491"
    },
    {
      "City": "Easthampton",
      "Zip": "01027",
      "Station": "Cumberland Farms",
      "Address": "231 Northampton St, 01027",
      "Base": "3.04",
      "Net": "2.94",
      "Discount": "Cumberland",
      "Lat": "42.2870731",
      "Long": "-72.6626681"
    },
    {
      "City": "Easthampton",
      "Zip": "01027",
      "Station": "F.L. Roberts",
      "Address": "124 Northampton St, 01027",
      "Base": "3.05",
      "Net": "3.05",
      "Discount": "-",
      "Lat": "42.2789978",
      "Long": "-72.6713843"
    },
    {
      "City": "Easthampton",
      "Zip": "01027",
      "Station": "Gulf",
      "Address": "317 Main St, 01027",
      "Base": "3.09",
      "Net": "3.09",
      "Discount": "-",
      "Lat": "42.2609805",
      "Long": "-72.6848749"
    },
    {
      "City": "Northampton",
      "Zip": "01060",
      "Station": "Cumberland Farms",
      "Address": "134 King St, 01060",
      "Base": "2.84",
      "Net": "2.74",
      "Discount": "Cumberland",
      "Lat": "42.3248303",
      "Long": "-72.6330713"
    },
    {
      "City": "Northampton",
      "Zip": "01060",
      "Station": "Mobil",
      "Address": "15 Locust, 01060",
      "Base": "2.95",
      "Net": "2.92",
      "Discount": "Mobil",
      "Lat": "42.3316863",
      "Long": "-72.6526156"
    },
    {
      "City": "Northampton",
      "Zip": "01060",
      "Station": "Shell",
      "Address": "506 Pleasant St, 01060",
      "Base": "2.99",
      "Net": "2.94",
      "Discount": "Shell",
      "Lat": "",
      "Long": ""
    },
    {
      "City": "Northampton",
      "Zip": "01060",
      "Station": "Stop & Shop",
      "Address": "228 King St, 01060",
      "Base": "2.89",
      "Net": "2.79",
      "Discount": "Stop & Shop",
      "Lat": "42.3290172",
      "Long": "-72.6358623"
    },
    {
      "City": "Hadley",
      "Zip": "01035",
      "Station": "Stop & Shop",
      "Address": "446 Russell St, 01035",
      "Base": "2.89",
      "Net": "2.79",
      "Discount": "Stop & Shop",
      "Lat": "42.3646637",
      "Long": "-72.5379721"
    },
    {
      "City": "Hadley",
      "Zip": "01035",
      "Station": "Cumberland Farms",
      "Address": "109 Russell St, 01035",
      "Base": "2.96",
      "Net": "2.86",
      "Discount": "Cumberland",
      "Lat": "42.3414532",
      "Long": "-72.5946062"
    },
    {
      "City": "Hadley",
      "Zip": "01035",
      "Station": "Mobil",
      "Address": "110 Russell St, 01035",
      "Base": "2.95",
      "Net": "2.92",
      "Discount": "Mobil",
      "Lat": "42.3424399",
      "Long": "-72.595176"
    },
    {
      "City": "Hadley",
      "Zip": "01035",
      "Station": "Big Y Express",
      "Address": "73 Russell St, 01035",
      "Base": "2.97",
      "Net": "2.92",
      "Discount": "Big Y",
      "Lat": "42.3405615",
      "Long": "-72.6018812"
    },
    {
      "City": "Hadley",
      "Zip": "01035",
      "Station": "Pride",
      "Address": "445 Russell St, 01035",
      "Base": "2.99",
      "Net": "2.89",
      "Discount": "Pride",
      "Lat": "42.3632797",
      "Long": "-72.5387719"
    },
    {
      "City": "Hadley",
      "Zip": "01035",
      "Station": "Pride",
      "Address": "25 Russell St, 01035",
      "Base": "2.99",
      "Net": "2.89",
      "Discount": "Pride",
      "Lat": "42.33861",
      "Long": "-72.60906"
    },
    {
      "City": "Amherst",
      "Zip": "01002",
      "Station": "Cumberland Farms",
      "Address": "389 College St, 01002",
      "Base": "2.92",
      "Net": "2.82",
      "Discount": "Cumberland",
      "Lat": "42.373216",
      "Long": "-72.5193521"
    },
    {
      "City": "Amherst",
      "Zip": "01002",
      "Station": "Speedway",
      "Address": "468 West St, 01002",
      "Base": "2.95",
      "Net": "2.9",
      "Discount": "Speedway",
      "Lat": "42.3420911",
      "Long": "-72.5198559"
    },
    {
      "City": "Amherst",
      "Zip": "01002",
      "Station": "F.L. Roberts",
      "Address": "399 Northampton Rd, 01002",
      "Base": "3.04",
      "Net": "3.04",
      "Discount": "-",
      "Lat": "42.3661824",
      "Long": "-72.5351597"
    },
    {
      "City": "Ludlow",
      "Zip": "01033",
      "Station": "Cumberland Farms",
      "Address": "74 W State St, 01033",
      "Base": "2.61",
      "Net": "2.51",
      "Discount": "Cumberland",
      "Lat": "42.2466124",
      "Long": "-72.5432172"
    },
    {
      "City": "South Deerfield",
      "Zip": "01373",
      "Station": "Neighbors Convenience Store",
      "Address": "242 Conway Rd, 01373",
      "Base": "3.09",
      "Net": "3.09",
      "Discount": "-",
      "Lat": "42.4973938",
      "Long": "-72.6367494"
    },
    {
      "City": "South Deerfield",
      "Zip": "01373",
      "Station": "Irving",
      "Address": "1 Sunderland Rd, 01373",
      "Base": "3.1",
      "Net": "3.1",
      "Discount": "-",
      "Lat": "42.4685118",
      "Long": "-72.6135264"
    },
    {
      "City": "South Deerfield",
      "Zip": "01373",
      "Station": "Irving",
      "Address": "1 Greenfield Rd, 01373",
      "Base": "3.1",
      "Net": "3.1",
      "Discount": "-",
      "Lat": "42.4708672",
      "Long": "-72.6158055"
    },
    {
      "City": "South Deerfield",
      "Zip": "01373",
      "Station": "Cumberland Farms",
      "Address": "31 Elm St, 01373",
      "Base": "3.09",
      "Net": "2.99",
      "Discount": "Cumberland",
      "Lat": "42.4769319",
      "Long": "-72.6127799"
    },
    {
      "City": "Greenfield",
      "Zip": "01301",
      "Station": "Planet",
      "Address": "109 Mohawk Trail, 01301",
      "Base": "2.77",
      "Net": "2.77",
      "Discount": "-",
      "Lat": "42.5848575",
      "Long": "-72.6166793"
    },
    {
      "City": "Greenfield",
      "Zip": "01301",
      "Station": "Mobil",
      "Address": "142 Mohawk Tr, 01301",
      "Base": "2.77",
      "Net": "2.74",
      "Discount": "Mobil",
      "Lat": "",
      "Long": ""
    },
    {
      "City": "Greenfield",
      "Zip": "01301",
      "Station": "Stop & Shop",
      "Address": "488 Bernardston Rd, 01301",
      "Base": "2.79",
      "Net": "2.69",
      "Discount": "Stop & Shop",
      "Lat": "42.6094682",
      "Long": "-72.5869418"
    },
    {
      "City": "Greenfield",
      "Zip": "01301",
      "Station": "Cumberland Farms",
      "Address": "317 Federal St, 01301",
      "Base": "2.84",
      "Net": "2.74",
      "Discount": "Cumberland",
      "Lat": "42.6013026",
      "Long": "-72.593169"
    },
    {
      "City": "Greenfield",
      "Zip": "01301",
      "Station": "Irving",
      "Address": "223 Mohawk Tr, 01301",
      "Base": "2.85",
      "Net": "2.85",
      "Discount": "-",
      "Lat": "",
      "Long": ""
    },
    {
      "City": "Greenfield",
      "Zip": "01301",
      "Station": "Shell",
      "Address": "242 Mohawk Tr, 01301",
      "Base": "2.9",
      "Net": "2.85",
      "Discount": "Shell",
      "Lat": "",
      "Long": ""
    },
    {
      "City": "Greenfield",
      "Zip": "01301",
      "Station": "Sunoco",
      "Address": "416 Federal St, 01301",
      "Base": "2.82",
      "Net": "2.79",
      "Discount": "Sunoco",
      "Lat": "42.6060538",
      "Long": "-72.5895143"
    },
    {
      "City": "Greenfield",
      "Zip": "01301",
      "Station": "Speedway",
      "Address": "245 Federal St, 01301",
      "Base": "2.83",
      "Net": "2.78",
      "Discount": "Speedway",
      "Lat": "42.5981415",
      "Long": "-72.5957967"
    },
    {
      "City": "Agawam",
      "Zip": "01001",
      "Station": "CITGO",
      "Address": "650 Suffield St, 01001",
      "Base": "2.69",
      "Net": "2.69",
      "Discount": "-",
      "Lat": "42.0675744",
      "Long": "-72.6317643"
    },
    {
      "City": "Agawam",
      "Zip": "01001",
      "Station": "CITGO",
      "Address": "1 River Rd, 01001",
      "Base": "2.69",
      "Net": "2.69",
      "Discount": "-",
      "Lat": "42.04632",
      "Long": "-72.6158718"
    },
    {
      "City": "Agawam",
      "Zip": "01001",
      "Station": "Cumberland Farms",
      "Address": "837 Suffield St, 01001",
      "Base": "2.74",
      "Net": "2.64",
      "Discount": "Cumberland",
      "Lat": "42.0606701",
      "Long": "-72.6315678"
    },
    {
      "City": "Agawam",
      "Zip": "01001",
      "Station": "Mobil",
      "Address": "308 Suffield St, 01001",
      "Base": "2.85",
      "Net": "2.82",
      "Discount": "Mobil",
      "Lat": "42.0790669",
      "Long": "-72.6300928"
    },
    {
      "City": "Agawam",
      "Zip": "01001",
      "Station": "Shell",
      "Address": "6 Lealand Ave, 01001",
      "Base": "2.89",
      "Net": "2.84",
      "Discount": "Shell",
      "Lat": "42.071971",
      "Long": "-72.6152387"
    }
  ]
}
